{"sizes": [14, 30, 5], "weights": [[[0.013846678425619529, -0.35598422677522207, -0.3055971112930512, -2.274982276423294, -2.491295913365313, 4.014109254911533, -6.158135135926496, -5.732451482245166, -0.2938760972224192, 1.170590495748137, 1.3559672322481202, 1.0531288870208206, 0.670432772726066, 2.5097922159401165], [-0.03932423217942873, -0.33009022643158137, -0.12670136494947426, -0.5773846019957509, -0.8602463605840011, -0.9150534921928667, 1.6102236905168592, -0.9319959511417841, -0.4179013829381258, -0.06668485956665862, 0.25358197975971236, 0.5136539217303943, 0.05689377145049769, -0.021425385411205297], [-0.000464401286318486, 0.0026743505514806786, -0.38817527875730357, 1.098324856892095, 3.888275140002248, -4.29649055421481, 7.354441690652507, 1.6196615320297947, 0.07247941148607755, 0.24691678807356277, 0.08051546680460404, 0.4953310758543578, 0.5031709904880787, -2.69841578189417], [-0.022992564465748197, 0.11213572970944456, -0.2090154406432646, 0.49581310103382886, -1.0623281139826428, -5.298431405966472, 4.268487517879375, 2.794942225800199, -3.4837286515815427, 1.009390614595693, 1.2965830463921406, 0.6034130515873496, 1.2632492603630165, -4.886574294572771], [-0.04057912560075168, 0.006444242125720127, -0.7815895657301639, 1.383603582765441, -0.11143080802876461, 1.2118096501750064, -11.00552020564348, 11.91266496438067, 0.3902443939511708, -0.01260377455752752, 0.04914777615412357, 0.650926632544547, 1.5111988806691599, -0.12659634346576937], [-0.00041612970474108, 0.13071829907667676, -0.2780631136071999, 0.24599802040419466, -0.16313982826197285, -0.32480398661739945, 6.576304952763436, -3.1882413142015475, -0.7382795006385336, 0.20835905484382808, 0.22783963700222754, -0.3740466432713766, -0.6167768180541546, 0.6911397350619578], [-0.026043233680761054, -0.03989765642531932, -0.08086316083665034, -0.27099081637420347, -0.4133673598577044, 6.594981715940334, -11.27960649607312, -0.26026359264063625, 0.02204695400506814, 0.0540724994823107, 0.21501654301396309, -0.05708437982324677, -0.07611550149055225, 4.528923617396268], [-0.1472299259608786, -0.5142690337226639, 0.37219114598520364, 0.6955133669796791, 1.7054488978734583, -0.8231092323554017, 0.3786215669468885, 1.3903756651145294, -0.04815394110444682, -0.4002332364660358, -0.3346076785591816, -0.47119005788893303, -0.45753228087795217, -0.8938253673988515], [-0.4217710447044475, 0.5223080698916338, -0.2979188511872336, 0.3178244802053472, -1.1029499860405365, 2.0601159775256432, 0.4193651801213457, -2.0435102480432237, -0.414135002876142, -0.010951665582097838, 0.19875983330512575, 0.2892917704115618, 0.6361792784135702, 2.0122725650590314], [0.025500359411462937, 0.126501195689868, -0.11136769356526387, -0.027439533005964793, -0.37344613810460303, 0.35481275963510767, -1.6671479175241697, 0.8838576798251992, -0.4373937487265032, -0.549317516393226, -0.20255027746929308, -0.1715664559751139, -0.16665861493369502, -0.12577927868023336], [0.056399802757500526, -0.02782594647846117, -0.25631286039706525, 1.4655018679925509, 2.662026135533083, -6.628755899136755, 8.298286758367249, 9.34906327956308, 0.005179785165334154, 0.3830519149877473, 0.44483089246657725, 0.8949827615750066, 1.0088890057417073, -4.1899373095933345], [-0.5228770767802008, -0.19388096279120567, -0.23066821828531897, -0.37435747298339417, 0.5163956152903617, 0.3778444422508345, 0.00296343739061776, 0.04512900343747651, 0.15178463506421244, 0.08649213396258212, 0.011932225983018496, 0.3525444550685255, -0.40670271382391293, -0.039938852346103115], [-0.10276260294297143, -0.5195921297660026, 0.4369770398978007, 0.13139377226883767, 0.4796736090943256, 2.3179936639105923, 0.4809962362857024, -0.567776262635949, 1.7567467091540365, -1.0529243786459106, -1.5034182113591188, -1.0243739537380836, -0.336095162313002, 2.1841351967971336], [0.3640916460215831, 0.3420228876632964, -0.06326534734963028, 0.18673140296012536, -0.42243114651810554, -1.2885343380253789, -1.3923725623758534, 2.9261544654566527, 0.8918031160507173, -0.11241732129901967, -0.4871814363858046, -0.6634901771308919, -2.395470128906894, -1.4857385532439291], [0.018999980786917576, -0.14381900768813224, 0.034151372369142556, 0.8544898165556719, 2.26581971894274, -1.4526011098113853, 9.006113480605258, -2.1762196930409363, -0.07328772166642569, 0.38755945402620845, 0.4517542717644944, 0.3643505769958221, 0.013632282195337244, -0.5447999091401905], [-0.004160250699443787, -0.36754161912313277, -0.31880581805062513, -0.036399396989101426, 0.5993521281708376, -1.99020337891406, 1.079389869702492, 1.2787383586258783, -0.6919442180113848, 0.061202396594363204, 0.17932501754809668, -0.6069892617390223, -1.482184801756826, -1.4932215575534826], [0.018345645561537668, 0.11115484488381142, -0.2583105002119977, -0.7480809908229715, -0.2543161680207846, -2.153202659590731, 4.519705221700483, 3.540451239767757, -0.12411625787202078, -0.6757968449001581, -3.2451351078379505, -1.9665522349936257, -1.9100564453370277, -0.8940679167841611], [0.06975637954651313, -0.044719339059113586, 0.6458267602072015, 0.23546974338566604, -0.3757178882218396, 2.368129911254134, 3.534013956701206, -3.128203482546775, -5.967092360376925, -0.10103095786655003, 0.35566639319851645, 0.4178332406510108, 0.7640011548772473, 2.439411986035917], [0.2529368923257558, 0.2847654778218968, 0.5101991816672542, -0.2540910226889232, -0.7339587071339058, 1.0305162000606458, 6.7211005506747945, -10.079866108888748, -0.4244312803734257, 0.013674826366336329, -0.29771448876786544, -0.7979710181465041, -1.2168723326815338, 1.3419776529221545], [-0.263541770096016, 0.06738644872642399, 0.5174697636001708, 0.025956923723076845, -0.1553188383890454, 0.6784187432967904, -0.7383410970723503, -0.03060351806399427, 0.2771126655398255, 0.1692963631700567, -0.027615119636127113, 0.17754360309560985, 0.2087231978871983, 0.5529218948345939], [-0.06485003159273964, 0.049839349726177595, 0.4618380542898429, 0.24320751155358675, -1.7242976416846254, -3.9297719543947327, 7.632213836229282, 7.010581986011049, 12.927335878163388, -0.15020783507653257, 0.32628297242859294, 0.4917259616835403, 0.9598831227971366, -1.8667591590173875], [-0.47594048190643207, 0.054067837122784186, -0.21217685693597949, -0.14559971991537796, -1.0476756795166118, -1.0727301499611628, 0.8723100800419914, 0.712727480188446, -0.22933494557976813, 0.13226923026172213, -0.4924918341151611, -0.047967759776863544, -1.05252433074053, -0.9928048046666943], [0.0038808330778892534, -0.01466666460482991, 0.3722078798834969, -0.6054024050361403, -1.2421453811058594, 7.689715418406618, -11.20429770625499, -0.8253282873694668, -0.13822518953918358, 0.18661998125339654, 0.22122052894491423, 0.17698238124015994, -0.3705343748204657, 5.304516047371125], [-0.443056067391461, -0.5656865919090869, 0.10593897337222746, 0.9775268162940983, 1.3764504174631413, 0.3926493475311065, 0.5749230190743003, 0.009859232064339082, 0.031609974144383, 0.21824555857988853, -0.3535743677011053, 0.2006261164390328, 0.14923063936850392, 0.3625521651498762], [0.01446951898822094, 0.10884509283234664, -0.22909917176580719, 0.3022163720354648, 2.1278351823900863, -2.9768701201642007, 2.0439746744013636, 7.641469473774986, -0.37835008294842787, 0.8030203004165766, 0.7308522211180696, -1.5011262577952744, -5.695409123247337, -1.9875257646578464], [0.08739497883865782, -1.446565493033847, -0.2986444462883389, -0.13571816626495722, 0.8596201239642226, -0.013881108763802589, -1.9076432534147398, 0.4772012605788183, 0.4962994824142635, -0.017510653211332414, -0.33091525479168404, -0.1500301678145459, 0.14783106662345574, -0.020151419250436835], [-0.060136506277027, -0.31014641531453735, 0.16126271349624807, 0.6581297417311334, 1.1910951143600659, 0.10786255351304923, -1.656114974478044, 1.4368592836828709, -1.2099465265818041, 0.275573994774561, -0.041687818760016766, -0.10773267456932287, -0.23030375136309272, 0.6506635842311629], [0.07370668194832922, 0.11925126215539326, 