{"sizes": [14, 30, 5], "weights": [[[0.04701712739580476, 0.627236593731876, 0.6269072245578012, -0.7036206167109533, -0.7833582366763991, 1.4140628172673018, 2.0312199925952603, -4.253694504845311, 1.0822260462818167, 1.06455874352015, 0.6497452293584927, 0.22473796680103653, 0.4556747786312323, 0.9870127393764019], [0.3991168749417502, 0.5062800418622488, -0.2436571085645025, 0.27909837794684256, -0.05585402845791927, -1.5803084458205259, 2.703467949585894, 1.012109617680652, -0.6081983678373662, -0.38611754452622155, -0.28139006237226327, -0.22292909587114892, -0.3479980511466343, -0.8701326069663702], [0.006096510322818847, -0.16591568922584482, -0.02857773719061738, -0.8616503060710692, 0.5433935203091393, 3.607449262682811, -6.186160854789103, -7.33968868645072, -13.273705858484618, -0.29404565687817896, -0.2560029662180115, -0.2909814886183366, -0.5167677969010339, 2.136884940511325], [-0.03650347492173098, -0.013203866335762798, 0.694433280604739, -1.2315784509350163, -1.8810204613532944, 1.8975960817213706, 2.989643423846298, -8.380499463078381, -0.5125078465849415, -0.40646109787021706, -0.5373112035882883, -0.7762242516561811, -0.7414477652737309, 1.6593941473393201], [-0.26442967067229345, 0.5313206327894546, 0.04872798017291855, 0.6299647592311538, 0.6973666045308666, -2.8211330105017134, 1.554108332898203, 3.3041645661761816, -3.6503098931714737, -0.9384238057399227, -0.5408764408191378, 0.4666483777533439, 1.0560771083727158, -2.2661434554767976], [0.17582899403890306, 0.13235461002931792, -0.11998381651580052, 0.29706817526809887, 1.2328308322071009, -4.742870353689061, 5.887386330689886, 2.485555527531851, 0.20193208763654907, -0.8608983610681605, -0.23112473540099007, 0.7404794511783425, 0.5731617393246933, -3.6565458751495696], [-0.13078945566255676, -0.33113950725680974, -0.47332345121177666, 0.12191642593638971, 0.36721128462561103, 2.034773847187243, -1.6636036880726355, -0.7110940746102862, 2.596630226011833, -1.2445949188184544, -3.6611950341483075, -1.6256087592505104, -0.6441215756597821, 2.037544266961999], [-0.37490079258882925, -0.0880825008007691, -0.04251630770049965, -0.22912046843049133, -0.07154331433607046, 0.11994897612592008, -0.06846239787616479, -0.9094889107609379, -0.7810718645314997, -0.3621303144660545, 0.06822436668274716, -0.0950521757939147, -0.035286731274183615, 0.30860050832425817], [0.24303728207359418, 0.3777774464481843, -0.7018336867382464, 0.7903068467404492, 0.22383020718265484, -4.185023956981457, 4.231836693626609, 4.714861577370557, -0.24040217277432988, 0.2935566510696745, -0.1754241334162076, 0.2900388879201395, 0.7431959871009817, -3.3206931493328486], [-0.057852100750374315, -0.5241702006209931, 0.13534106342019142, 0.07400591447937428, 0.9289606889716301, -1.4267021554659045, 2.6528749138147556, -0.01028554075952582, -0.9437802887542394, -0.7363955471016254, 0.05842708108176433, 0.04542358125634026, 0.3103363878125581, -1.2264777214593114], [0.027979433110423613, -0.1255202840561235, -0.0372463281166619, -0.31414347368587947, -0.8380639264641729, 4.654969431617593, -11.81090792548036, 2.5590762577796258, 0.017721769131124013, -0.009687804967316273, 0.13471875613227624, -0.1708497463069334, -0.3764098739023151, 1.9740174709946345], [0.037331888937232806, 0.057349626490416625, -0.033656665257335176, 0.5154445619058746, 1.1558816138106687, -2.3342710691610926, 9.26614185157451, -2.9840115470676527, -0.17062364761065105, 0.08147074447935604, 0.10993886999397397, -0.029270536996164602, 0.23437602174778283, -0.9831909739213964], [0.01917255685601425, -0.585275806314486, 0.06310663463051523, -0.13859520219458227, 0.5409743399994082, -1.6606900624041285, 1.8968717074743593, 0.9641486570421194, -0.6887040157079044, -0.40488662157343225, -0.05083189445576651, -0.10542582915919123, -0.11871024993587553, -1.2572266646503292], [-0.19152224053604122, -0.21513478340379158, -0.08122169472198633, 0.39192391550243705, 0.24525558065870623, -0.7927133954210132, -0.15308163688136492, 1.3392367289302487, -0.660243287540164, -0.31247620724884617, -0.4049311604664847, 0.3820626365350673, 0.42386534116887475, -0.4894426966657377], [-0.031044129665657845, 0.4253842497279563, -0.26180156848094466, -0.14015608607905614, -0.3342255560881465, 0.4765630848373139, -2.0965357331112604, 0.40841844881766215, 0.1618451154167835, 0.5092136127537044, 0.29001510059450397, -0.1421536161845209, 0.13966574758669895, 0.15392840725462484], [0.27970151717080804, 0.36104344467947214, -0.13199092342630214, -0.1198739339415554, -0.9944412321381684, 2.4856738477002644, -5.919319608409975, 0.5125832417875598, 0.25497347713376467, 0.18522914742613272, -0.2847698109479922, 0.11425939534940374, -0.3653504979339065, 2.019735876051659], [0.25802997211789125, 0.4314928627131093, 0.11563799444072666, -0.5256433272272907, -0.010009125517523034, 2.1466794620401233, -2.426657446257295, -0.6799504433227039, -0.14188219800689492, -3.627586391476274, -0.5160180382016639, -0.024964379345074793, -0.004060105172172245, 1.7855202385308886], [0.2314097739055709, 0.040467446620935404, 0.039655530597918764, -0.3436882564401897, -0.31673699849898407, 0.8817330114411724, 2.3121322841869545, -3.7491954518159134, -5.133878890227446, 0.3962923758784902, 0.35566703457953924, 0.7038219795574511, 2.3469811580012356, 1.1762745729307955], [0.21114189298953664, 0.030277606027624655, -0.3519122206834166, 0.5874195317043619, -0.23471117455414867, -0.3782174363209207, -2.9916274550575714, 3.006148793298971, 0.781171171012853, -0.31867303898178234, 0.09396862675734963, 0.2733385673599352, 0.15485934459465225, -0.8549816141805682], [0.10726326222683533, 0.502706036729069, 0.3081901330032057, -0.18610977273599136, -1.4011701147720075, 2.699694866502258, -3.6472699267171316, -3.4117885380652857, -0.26378226736392085, -0.13956914267172735, 0.3616638208489748, 1.3896688317366046, 1.3839096702576397, 1.6909172153852396], [-0.32738310923426844, -0.23511901684602027, -0.1643054662489876, 0.2953048403831657, 0.005167873736160912, -1.1859055317703946, 2.257889770894902, 0.10759861200534925, -0.9218584012669323, -0.5779433706826297, -0.5382923966190618, 0.40043258154123973, 0.046870666943697466, -1.184004449710101], [0.0046601749855587835, 0.6896137861402248, -0.03975645877161959, 0.1856100109756341, -0.025261141076461078, -0.7681464965731166, -1.4577722686567727, 3.1206877942273845, 1.1144742145480986, 0.5756310258298741, -0.03737578224475719, -0.01408284135329125, 0.3288980047758148, -0.9879442267569283], [-0.21316716784218237, 0.10102240797652165, -0.02605816555690829, -0.06428754852863336, -0.8328287140294885, 1.0945842390382607, -0.9694730895535821, -0.5703078095368259, 0.5837293238884654, 0.14799722201191184, 0.09149306918700048, -0.09335377799040133, 0.13415165657197445, 0.5520978488982771], [-0.1463532271813563, 0.2286666033606305, 0.48740220049569566, 1.4936637846503893, 1.7207109786977088, -4.1975805856495905, 7.075354237188995, 3.664959877527548, -0.31887290646080474, 0.42067596278534797, 0.279912828116644, -0.6964070203811765, -2.197250505927121, -2.316085953740526], [-0.05855880164316541, -0.253818991004564, 0.03949005482533993, -0.00567471024198965, 0.004907868951750053, -2.2299524912476323, 3.6952257172823555, 2.021042061361635, -0.925105425096192, 0.13475049070455464, 0.09586481771774552, -0.6433602802550945, -2.63939162411037, -0.8816305316256644], [0.16292520379750663, 0.5797913653644913, -0.24669388797087008, 0.43923629280125726, -0.10026957139450146, -0.2265036143148574, -1.7181343112577865, 4.035826719080369, 0.8647519410415294, -0.7353416592840254, -0.8540412771906375, -1.070916757876923, -0.8042638126505692, -1.0421549960518455], [0.091223173993571, 0.3374760661991372, -0.31191921825524627, -0.13937722069261194, 0.5846774864788564, -2.086093705866849, 2.2962297564211536, 3.5827078179219516, -0.31376489226932985, -0.05304429597244266, -1.2380961328010127, -1.42705583650602, -2.200646946218876, -0.9146029001248462], [-0.16639211931543443, -0.3556265365845493, 