{"sizes": [14, 30, 5], "weights": [[[-0.13726529835744897, 0.11647790996178162, -0.3628755283730515, 0.5291892262560985, 1.63133683897731, -2.9897176361933218, 4.271732006763918, 5.5109286964639335, 1.0166157001777936, -0.6142166673130715, -2.7736795758822095, -1.9006170137516534, -0.8179506429613012, -1.526651786129115], [-0.01042553494993591, -0.1306097887999387, 0.4790337747554654, -0.29007301900233856, 0.22256498195240063, 1.5051022386878334, 7.993320740539378, -10.406038611578222, -5.620178755235417, -0.08192900086946443, -0.1833240402934655, -0.266432546404066, -0.823090236475993, 2.180820670506714], [-0.16738323117429427, 0.3203554764449856, 0.10983562984117039, 0.3485977123849413, -1.0007292055549313, -3.2604233629565207, 2.0315796807933713, 2.443576154771018, -2.2819181470555012, 0.7860505944054328, -0.013495697152181085, 0.719621268995502, 0.16544981427453004, -2.8706426041476547], [0.08470952300614006, 0.1979270038104922, -0.38890050389396313, 1.301836013078039, 0.9384917222113417, -2.96179104224431, 3.4167775812380476, 3.7147385935541926, -0.8959610536185082, -1.9384841261410608, -0.7908833448583927, -0.29903799955770827, 0.5098847020440694, -1.9803356431735786], [-0.17175582526596803, -0.2530564128703951, -0.0025560457762460165, 0.302941028087697, 0.9883973722998559, -1.9782072884432724, 3.5936502692654697, 0.9464414102877471, -0.7356031297177515, -0.19838634179694986, -0.3453808094609135, -0.24095198697259318, -0.24350390720313161, -1.571889772481216], [-0.3734332737588058, -0.5039266980430751, -0.06959749351008657, -0.2801036581615211, -0.04347965625462524, 0.1854342779069391, 0.22182329022743189, 0.7506842290309123, 0.0858975653259541, -0.30840184939612447, 0.4894744600392712, -0.037251056938872616, -0.866070553360712, 0.33836133189124024], [-0.3896759019437357, 0.3524336053640063, 0.041346522635579565, 0.3282014593468421, -0.5031223533405453, -0.07663164840480327, 1.3131136539736958, -0.48722255443451423, -0.07147790012978765, 0.40394126230171734, -0.010402239135206725, 0.09247902792103557, 0.13912690573036388, -0.9073641820868484], [0.19926739491246856, 0.27056768286613453, 0.34993905302070616, -1.5396958459790109, -2.419583833739965, 2.660177343449792, -0.5775935863820539, -6.986249206407445, 0.7511673643219141, -0.693006850629501, -0.9847976553340966, -0.7595258677133692, -1.4110808646805995, 2.396326856073015], [-0.03182748971311804, -0.09703255508575206, -0.05309538774283867, 0.6940004718283561, 1.2475717087685783, -1.4586287512587357, 1.3036442674835818, 5.219401196147395, 0.5257619470928908, -0.7579084475848584, -2.4740305691147384, -1.5041857138125228, -1.568404630949327, -0.9351392193590381], [-0.06213272243564162, 0.10604159571539815, 0.18175207013978986, -1.2981116987264258, -2.3787944857739443, 6.240546255853373, -16.96260013224987, 1.2061004243058153, -0.2227501038321971, -0.07474438395054897, -0.3037360459737728, -0.6984997902088742, -1.3677902448053945, 3.5077255805082186], [0.09695622538896977, -0.5282960853546972, -0.2800034972225134, -0.7089282476221029, -1.2665429086819402, 3.598214191589312, -6.65453682152551, -2.5329530081163565, 0.30386490453021153, -0.09166955196293128, -0.21530430109768164, 0.8324678024497063, 2.6706707285547564, 1.7135208097111738], [-0.2393663289060942, -0.2854021942810023, -0.07655333944804074, 0.18245756595509582, 0.20305794428071336, -1.5614315743725526, 0.029146804494775875, 1.950283916999562, -0.9141743247463029, -0.1818166213328086, -0.13579073238156558, -0.3459594508994803, -0.2707702891924565, -1.5970051920174109], [-0.03585510338621474, 0.7449294447093061, 0.11659805291685083, 0.47686773124387305, 0.3898811857973214, 1.8034173321312827, -1.5423053081809734, 0.07642585508223142, 0.3229661721730398, -0.13435157324295144, 0.3790352954084352, -0.6800305213335013, -0.16054885023096357, 1.319001522086839], [0.04976788853154947, -0.3202065948324463, 0.028456573355029376, 1.1329569164186455, 0.8587273863942615, -2.2591727880476347, -1.414000448644883, 5.844508755713887, 0.3546849582488633, 0.046356964053512605, 0.07722472741354515, 0.5041197328970416, 0.7075563153895408, -2.509104925884472], [-0.1937602313549406, 0.745670681605865, -0.3659792480949204, -0.0013553664486922101, -1.5338089131169907, -1.274013470473059, 1.8421859730113008, -0.10453207632143033, -1.0316282153974965, -0.06920645208712167, -0.22251843576419195, 0.31761801582007215, 0.24706518327015844, -0.7684542627771268], [0.0980945575232906, 0.26602520632035614, -0.27642930782389497, 0.8001944486987037, -2.8753049112540863, 4.236535908174961, -12.192085318463997, 2.8349233726606005, -0.0469946374333346, -0.012866801958397827, -0.20505712156674089, -0.2953942643205982, -0.4393742284216812, 3.271550884552582], [-0.06507543641556866, 0.04527903883846262, 0.04762801843986665, 0.4355499114488772, -1.0158326229446168, 3.6345339168562325, -5.321326680792344, -5.507676268630239, -0.40003970300788616, -0.16120593176512227, -0.3971934040103999, 1.1407216264655553, 5.4016671097456985, 2.1001809373578784], [0.10218761906440489, 0.1515100367247007, -0.28093644776080146, -0.8791228510439036, -1.3965496391070251, -4.0875480069978005, 0.3740712684446148, 2.4208073965095758, -3.3192265959842775, 0.8178633898108708, 2.2387702739032704, 0.44093962156115496, 0.7776547540375276, -3.951271986438125], [-0.18246957135942418, -0.3017505007651819, -0.44117319533684773, 0.8595351220734329, 1.05939705340533, -3.06211932778743, 2.918660292324711, 3.5186320833815388, -0.5082874694871853, 0.44797139463858315, -0.5705229041841454, -0.8776757321698804, -1.5315793501280843, -1.544532834861841], [0.01906291479091921, -0.038435280140208715, 0.33321401016486796, 0.16028547219572642, -0.9982829150198286, -4.3829655781543675, 7.543005994343136, 4.881535090685299, 12.415094305300212, -0.1384939333440684, -0.17208807267417556, -0.10057327176128163, 0.5314230541661367, -2.36616733897497], [0.3349223008179462, -0.4448889912240903, -0.23678777359706288, 0.6858776239147044, 1.3646413784003273, -1.4374882411887406, 1.215643566853049, 1.4328144371955585, -0.9777649272148722, -0.19020999610510925, -0.06866182979000497, 0.3233378053809952, -0.6968790801763806, -0.28925078614277405], [-0.10482657748492358, -0.2605037079876432, 0.49076087714449085, -1.467545330541833, -6.138628000438721, 4.196662647729371, -5.629373325628632, -11.294957056065856, -1.1853012401537362, -0.174460010128742, -0.8520378047245034, -1.2483998678889423, -2.570914865901456, 2.284039844467972], [-0.04116708210629553, -0.042271366084864224, 0.32870711693577515, 1.4162483714742642, 1.8770676417702268, 3.6797974719332074, -7.974218347095031, 2.3819498293511656, 0.38066114781623456, 0.24365901313199212, -0.1444438335100361, -0.4859952552413231, -0.46791717620103185, 2.392435691953081], [-0.07964949259628634, -0.36910611235062996, 0.2456407478618011, -0.02376524996796892, -0.2504699479721063, -0.24586491620537174, -0.10687893055251356, 0.420575792754214, 0.09084177210159455, 0.2053540264629015, -0.08684679614928113, -0.18083344833186188, -0.21908217121490478, 0.07070568423036128], [0.03167476307480115, 0.2968251673467436, 0.00506754410140577, 0.047174086929707634, -0.563708422629745, -6.428294551172135, 11.063181166056358, -0.04139151030218063, -0.15684378290096826, 0.2675148343868614, -0.16870385894257292, -0.06594851111329612, 0.2743999769642804, -4.579367596606979], [0.4206005658168496, 0.3688869795749481, -0.6289226403129248, 0.4870206864981953, 0.44618489965089175, 0.11703098421149019, -0.7441159940788349, 0.5858913418774481, 0.19481303144001463, -0.24102942139110192, 0.007161020934192545, 0.37626916500374374, 0.1925774720147198, 0.3301030081576546], [-0.4333138773710424, -0.41046902987196215, 0.07943759391755104, -0.7722031877867443, 0.6666927432230898, 2.5279026769028445, -1.9612164545968298, -2.634770329919174, 0.8444581436812763, -0.647879351448827, -0.9417405389382019, -0.5145350567670166, -0.7543909088572106, 1.1293101936458025], [-0.08464514908675745, -0.299665619388496, -0.4790180724416053, 