{"sizes": [14, 30, 5], "weights": [[[-0.2760856917259853, -0.2560580305009271, 0.18803129323774165, -0.531665013420605, -0.7951530217046584, -0.44114166076047256, 1.6152906535052054, -2.1654744485156128, -0.48348325438881934, -0.07472113349047893, -0.23320940634861187, 0.33591155761541075, -0.45267875772069227, 0.10010657866857099], [0.12192119058684656, 0.018671374871858284, -0.05712368859660276, 0.4505137029910484, 0.038621914374921046, -0.6118985853867266, -0.2735817994512615, 2.094165754509816, -0.7784608290923468, 0.1314906337339004, 0.008248060969122095, 0.21052775552051767, -0.08182607244418422, -0.8806219947140993], [-0.035336011578327345, -0.5872165035127983, -0.11773054763755564, 0.19996777857675205, 0.6107452718689618, -1.3532822073674071, 5.292644464467233, -1.0330291384681038, -0.935165202150281, -0.2796003167985916, -0.2677238059892988, 0.11736413062898327, -0.0137733373135182, -0.5103715892484333], [-0.500718663300261, 0.18543944390736022, -0.004210342903923945, 0.026748576724749534, 0.12213117431656498, 0.3717410433162494, -0.07460647517574451, -0.0043946149429415415, 0.12852902303191158, -0.33387316733525085, -0.00272277035730607, 0.14830945219126715, 0.2983177061257633, 0.29381158964748016], [-0.19790873657082142, 0.014326312195628441, -0.05166202063181866, -0.3582245983368697, -0.777267445362948, 1.6811902021188347, -0.3319934124265539, -5.142411123551017, 0.6114965143891637, -0.4611127494106462, -0.36026765216867057, 1.722157871269635, 2.8456989741831795, 1.5850851362635627], [-0.09483545109912993, -0.24758238906438843, -0.21659572592663218, 0.3676206101254718, 0.8854103588701623, -0.6595120587918449, 5.876812668602981, -2.8878691391333624, -0.48267464133115845, 0.03393020944188093, -0.15583028714220287, -0.02157804423606019, 0.029420721404014586, 0.03240402071379737], [0.10125115299547237, -0.12941718321261952, 0.18934391610040374, -0.7544994055727292, -1.2678303462198852, 1.434722150904326, -2.675117209256228, -3.8309608953159073, -0.8589830034444894, 1.2739816111123523, 3.117113826406679, 1.7337362937159508, 1.8375425528746048, 0.685961091807448], [0.36311707083842665, 0.18029763364944631, 0.09814109302362836, 0.4416983209782391, -0.4324292228742981, 0.6364387549319541, 0.9885182959989577, -1.2283922940500507, -0.04417405847291917, 0.12196123387992969, -0.10910504801866058, 0.10836986253638053, 0.0507976759415807, 0.8107733834969308], [-0.26443221029981945, 0.3395318659695099, 0.48747118262744554, 0.7827229256003646, 0.7146747539158242, -1.2377403225583101, 1.8128607946294857, 0.9290492503664509, -0.9605351126510587, -0.1807403132346101, -0.27203576230142257, 0.25792909973534317, -0.12807410813785414, -0.5088456671111699], [-0.5125591228167157, -0.002465047375707668, -0.024708521281154736, 0.025536348375016334, -1.1851020614660825, 1.6141636710314902, -5.291307079273296, 0.2654665944798382, 0.14333066664985503, 0.123798076132624, 0.08479778389396007, 0.0194822528822243, -0.31123072386962247, 0.3690523356657973], [0.2182259283710376, -0.19411600739606008, 0.04702259229029556, -0.2605517728256479, 0.042275497881481515, -0.10927072067540039, -0.14923736947358116, 0.05202443700992017, -0.13113660196755061, 0.597980942143571, -0.2233432839388331, -0.417823689169994, 0.03696250487919076, 0.4391444984578363], [0.05740560994630743, 0.0792865077260841, -0.189229784794815, 1.0031187272746465, 1.1590706151258678, -4.406891579906704, 6.736202298614104, 2.6810236839387134, -1.221464351660339, 0.49671345905127384, 0.5373744212523851, 0.14569483721568513, -0.0005269159559041694, -3.1941558713972946], [-0.3620692829453559, -0.03644503583724594, -0.11609570508818635, -0.5364806452134079, 0.22485087068779944, 0.49713686466276974, 0.8972536069062444, -0.8253637794730497, -0.4918917302922858, -0.16339270215452617, -0.4930230789635629, -0.2641466537274141, 0.13220087154349336, 0.4727525898901485], [-0.42439340145119336, 0.558461212767144, -0.4623635422695023, -0.22662773166053277, -0.4795608573402344, 1.0355331970748716, -0.47859294897621485, -0.8173550915480803, 0.02418050947460831, -0.519700408772854, 0.0049790954368556985, 0.5978520522960946, -0.12400846576151744, 0.4887788417962808], [0.07510374822438842, -0.24684484586303837, 0.3858226424155976, -0.09694479988189601, -0.21567174454660226, 0.9494244384529485, 0.23793012857143817, -2.2622046666205096, -0.563567821040158, 0.010401733931202528, -0.10559143879384283, -0.33970578430410503, -0.09489825835368994, 0.7719814158584845], [-0.016863491551071547, -0.16487385441235947, 0.1511821895833022, -0.041514481483968704, -0.5655822865083256, 3.00772050267274, -7.231948838441617, 0.6443953647520804, 0.4607617967055366, -0.24603464894290733, -0.06420325467412007, -0.19545483739207378, 0.34067597261126226, 2.0160757056510707], [-0.29452018485293785, -0.012442114572209466, 0.19357575270590247, 0.29922771984203445, 0.7912572324798769, -2.5899141307649205, 6.284744196314708, -0.8123443285128928, -0.5651467789588039, 0.1743488734640852, 0.03201475982406448, 0.08850887969527664, -0.11725205531402687, -1.3570556257043496], [0.23536213334666453, 0.43210234147904114, 0.3647536568520936, -0.4549360987891998, -0.6922444683462622, -1.5033978570759325, 3.8152866119440536, -1.2797856326058623, -0.4025063701337996, -0.2632695126844425, 0.2021341493771815, -0.0262681106951482, -0.440344400514855, -0.8315640108223973], [-0.024708376812162376, 0.24265089363156717, -0.3607905812285789, 0.012789802877278407, 1.1930487815888702, -1.449210621696545, -1.8627481946631907, 5.587278678701588, 4.643789330822406, 0.13168654962049875, -0.03108308199574964, -1.0611712029744733, -2.783573412881039, -1.2419214004073516], [-0.09828896908569809, -0.19856570312431737, -0.700484774758563, 0.780148860555053, 1.296465319095228, -0.014446467943188332, -6.2949416349949265, 7.690239527206057, 0.33762575019087687, -0.07427266113460564, -0.06404409327885315, 0.8240591363930756, 0.7342948420458253, -0.08144540382777712], [-0.004787026621087582, 0.24295245827801704, 0.07500550410369786, 0.7377754765615572, 0.9146745542022736, -2.6299997642539292, 8.569370424960306, -1.043814598996941, -0.22430796281035895, 0.055396130859219794, 0.05995432560994796, -0.32946516899567474, 0.17259551945571863, -1.550934467873787], [0.0840987131381088, 0.41330258100937983, 0.31596320797861766, -0.3175579009843895, -0.7536162401820249, 2.401569383968017, -0.5444290624547591, -3.7041578708953726, -4.266655283513191, -0.21504939015533742, 0.18833248443653414, -0.20574839497503258, -0.20326438160744736, 1.800034813255534], [0.15116259646152636, 0.35632151482135244, 0.0331601694289712, -0.08441034853222201, 0.06694324993260378, 0.4136653513546612, 3.511471904552625, -3.036301573258234, -0.2886305537571199, 0.10550843088470689, -0.04025655397621078, -0.31931745107508425, -0.41712760781847547, 0.19978493781097356], [0.19324644215858847, 0.22701717050609346, -0.237689929876941, -0.17573705218952493, -0.10160252824118116, -4.48889846250917, 5.883711341436253, 2.657687268362309, -0.7679606022866853, 0.19926605535937714, 0.27738098799835503, 0.18478584699871384, -0.18973558240288535, -2.4876147417222882], [-0.025011456685373308, -0.0772979593143887, 0.003716701484536033, 0.05388060197364873, -0.15040353096752593, 2.9899509709786294, -6.54860191948316, -4.834177088299481, -13.282953014200517, 0.0677566933074411, -0.19980903638007497, -0.18784685741227294, -0.390745076818796, 1.3924006479006554], [0.38966849660076563, 0.2562521395940052, -0.24386302093379175, -0.21092306279068623, -0.5735249651641802, 1.557690955274587, -5.361991371439686, 1.484756671337503, 0.35362008729042627, -0.050100136152493695, -0.1270093840756099, 0.017338576761383992, 0.13730950383923246, 1.0020917236325206], [0.0995715337037273, -0.38953748251735754, 0.37657776056665465, -0.0063945555411610315, -0.6842599194300935, -0.4431804980288438, 0.12142782367320769, 0.3551370764924162, -1.1302534088015153, 0.011391860153588318, -0.3682047146963319, -0.4295209916963575, 0.03887817296889913, 0.15396871629442152], 