{"sizes": [14, 30, 5], "weights": [[[0.11340348064149856, -0.0762674382635885, 0.08873705592360329, 0.255113766014626, 0.3786147367254378, -0.06204324917727464, -0.18107335785300985, 0.04366404413040858, 0.21095489129126668, 0.07639066863249452, -0.17789385520346684, 0.17355062316731049, 0.15612392114115498, -0.11529712390800707], [-0.14265088031947715, -0.49531986677606016, 0.5025596056501754, 0.18454180492057815, 0.4966851933727668, -1.1188208205553967, 1.2327879307420828, 1.6624193973015366, 1.0319207228511822, -0.24922059440951827, -1.0037878349609004, -1.522336414025166, -1.7542169488297201, -0.511837367907104], [-0.1465157637089747, 0.3718418121660132, -0.22244277691297068, 0.07153983312725805, -0.09657928603462633, -0.1503654840631552, 2.2076800960846468, -2.5126663970164302, -1.022344100984264, 0.01589359623726859, 0.14132508370581487, -0.12819037052856375, -0.3169261305265647, 0.4237005906682807], [0.04315172452493148, -0.2528798212747458, 0.10732360455214983, 0.1305468083643532, -0.6539011915412498, -1.182753416562661, 7.411939966515205, -6.47834368387452, -3.2189141995832933, -0.16080396092292285, -0.19216198929576808, -0.4458576162839294, -0.6483215025839679, -0.5154979158929468], [0.28237819133738024, 0.003618666243343208, 0.32129459371968927, 0.16155844758243348, 0.4376418528324438, 2.0511492570199135, -3.2458025956888936, -0.20348039284603112, 0.8258383908610806, 0.33315919955192025, -0.1246618249016635, -0.6055079064907866, -0.14281462998089925, 1.1249318342241605], [-0.21132775041680313, -0.6132202486354895, -0.21161669107464187, 0.10961071766474001, 0.46553577890912945, 0.1190513046305724, -1.7247393383969054, 2.2706278181885566, -0.024684380477691826, -0.3095302333639612, 0.19237845026048542, -0.19857663512919804, -0.09503511127883375, -0.23578650158640488], [0.1291490786489147, 1.64541281436017, -0.33216625621773566, 0.8463715398289949, 0.6224050579498209, -0.9757011731744897, 1.2876091442506439, 0.8466644119133544, -0.7326131799265093, -0.5426956100092215, -0.38340271017944655, -0.409957754269113, -1.6358296133365517, -0.34860899051827215], [0.10202001959730903, -0.4460992899233096, 0.28986688321807313, -0.35429454792170534, 0.3329115363105437, 0.8468124903400908, -0.7018322237523901, -0.49583450615439306, 1.4915037150702721, -0.5749711127129435, -1.4162065670334865, -1.5024451871357343, -0.19033306321156737, 0.8266623866786778], [-0.49737997219219665, -0.04211985522674252, -0.2753351968014699, -0.47411982071763126, -0.3993933239557679, 1.464814238393312, -2.5758826078801818, -0.9251693374361212, 0.02731032676236342, 0.07217285946426098, -0.22826145972052395, -0.3797596254503781, -0.012521989295091943, 1.2035559651584302], [-0.2869202786673999, -0.05961181498651883, -0.008802161052494095, 0.19379017572705792, 0.6626092943391212, -0.2203384606616409, 1.1529558924230463, 0.7874234806511416, -1.4287315046779585, -0.05190431190282185, -0.005190816202421778, 0.11182777128264856, -0.41863757967450277, -0.44985607898015334], [0.013075296080173517, 0.16444900649731978, -0.31129743028684437, 0.4585944089760156, 0.696493247723964, -3.83880295439358, 6.381333047260155, 6.119421859654831, 13.353256305595387, -0.043746805622038455, -0.010901270732559561, 0.09613508609936797, 0.3081984284921933, -1.809242615512353], [-0.1911073825412228, -0.3818272034535205, -0.2388847477525246, 0.03684217691958621, 0.5051020518430167, 0.22341613089406345, -0.04117834521643971, -0.31197340158268627, -0.10256122673884473, 0.16753880277598698, -0.3757633059661267, 0.22853248307916182, -0.015858684892000124, -0.13016166204059956], [-0.06892935354950395, -0.0998234809137089, 0.5870155790029147, 0.4323589061872378, -0.03515167349572108, 0.20421382104467278, -3.319438290014653, 1.896514847567885, 1.2713640866040032, 0.08304111863917056, 0.02262855964734231, -0.0049636731916699655, -0.3178880840852715, 0.34303459394295005], [-0.1794495979777354, 0.3115194931672509, -0.05776469946774234, -0.17245883334234213, 0.06414783256890659, -0.6532688976987957, -0.06027301713784862, -0.16776771388662193, -0.19299500968674857, -0.00029543108560968066, -0.14755182596507913, -0.5212547788866105, -0.08033730945636423, -0.18886747182810876], [-0.028170179743793, 0.1285528774545511, -0.5033389146949171, 0.7697601513222965, 0.3856790028342848, 0.6646395680824381, -4.742562301782893, 4.000635260777624, 0.46980481941523583, -0.12735657172983225, 0.01860553341578891, -0.24363800975739275, -0.09086700440709035, 0.20688663520375936], [-0.0956752309648075, 0.3751817543620466, 0.037342510368860715, 0.7089719304758625, 0.4367198838963035, -1.4063507478916577, 1.8972999731172542, 0.9967528456020021, -0.854493790491334, -0.03454325496563802, 0.6440034392909169, 0.8344117783698692, 0.1575700984767495, -0.24775089733765351], [0.16928508652713503, 0.09641808111292278, 0.2682680724731766, 0.5469687946647365, -0.1445941962391115, 0.32386219207148215, 1.4943506111975071, -1.0620685192311103, -0.9463636403117762, 0.6622372113617557, -0.011870020233467367, -0.017887161627088536, 0.4381566519085632, 0.12674881629426124], [0.24638621947105607, -0.35050840737672695, -0.2960610292278044, 0.3141170500309286, 0.6887248557939409, -0.4580289004567846, -2.1891132966516684, 4.392946154473521, -0.578132354130649, 0.22253762010765166, 0.09501823100397633, 0.2222214946090838, -0.14688286423394037, -0.2483906238876333], [-0.06747017203790207, 0.23362299690052463, 0.07349738355175782, -0.44797792044946455, -1.2822911287931484, 0.9363946684249439, -2.228564825956308, -2.045445000349823, 1.1444282002219004, 0.08184467574580595, 0.38284821126768454, 0.43200492181772016, -0.14406245103458873, 0.6447090927818832], [-0.15144699204399922, -0.2353537620423427, 0.042772271630386036, -0.49382097588353396, -0.5161328885349841, 1.4515993343993259, -2.9389089271754263, -0.990611013688628, 0.5310750177405557, -0.06787687050519604, 0.08885481853091613, -0.03833826871652382, 0.5384412242318073, 0.9708237719827542], [0.051165178309441034, 0.12972031519571653, -0.28941934661834046, -0.5878771064209616, -1.0499795366588367, 2.4288511315778507, -7.456827475814651, 1.1624861229232357, 0.5892015626743523, -0.2833991600361818, -0.1467866408602971, -0.09849924962257582, -0.13088747677384965, 0.8629605228184044], [-0.11174544432101788, -0.00019190284495458707, -0.15604954290925102, 0.52326095966985, 0.819784169812257, -1.5480816622953977, 2.560666646946009, 3.4877334449722053, 1.6220828629428439, 0.039215389441204354, -1.522625210843564, -2.4226728812089284, -2.342529278850319, -0.6567072078786694], [-0.04313020794768561, 0.2823931035092451, -0.0813665860086176, 0.7896768406585293, 1.8427132254489778, -1.625103914971488, 3.041710062451826, 1.929430151278831, -2.744386125505293, -0.28157686031821155, 0.35959172452055826, 1.1022288572087162, 0.5807863497727038, -0.7012621000900894], [0.1778911503008228, 0.2509261527553839, -0.20220775529683954, 0.38746296638942823, -0.11114867570504061, 0.2635730667211786, -3.371706668737249, 2.012204546925988, 0.6553081369218046, 0.13512623153705702, -0.17045001193918538, -0.010036547210005409, -0.28904887914462657, 0.06926506331066862], [-0.06970619912936257, 0.06676333268620749, 0.2206675642680769, -0.04514596447692268, -0.4734516511218771, -0.06233034032901677, -0.08465276705557435, -0.4165868170407587, -0.19100658593178454, 0.09888911027990223, -0.019195716637429864, -0.12571266869279493, -0.077225436117321, 0.19202138732046636], [0.08011575292860913, -0.048223980471171164, -0.08382506328512333, 0.41041390433770714, 0.9243167312420579, -0.3006030578850505, 1.027122121511941, 1.9985543324365291, -0.8366281885772787, -0.25472383559092665, -0.29243349564457244, -0.8595241908909281, -0.639773776941578, -0.9460217598556556], [-0.6173437890416066, -0.1706129370825697, -0.09754356894840081, -0.3658920423504637, 0.133576316921291, 0.0895983177503986, -1.7387361427642127, 1.4260023607778964, 0.0015174757643105314, -0.14808778415363588, -0.21182703674025383, -0.15759555350552049, -0.2732033894233146, 