{"sizes": [14, 30, 5], "weights": [[[0.3273418531662751, -0.29980042581430455, -0.3524580758136472, 0.018944540949515462, -0.036429593230694154, -0.25807578140587223, -0.11535880568883232, -0.08124868460968518, -0.22724535356073564, -0.23350326457054818, -0.05418917450474194, -0.07321686917588956, 0.3257637764801207, 0.30093853239810864], [-0.4407950085447412, -0.2533271469909939, -0.3437437388354171, 0.014811526921665437, 0.18871064104182747, -0.09853494201910802, 0.2664874874482195, 0.2783052353580451, -0.5967307268328751, 0.04145081059601701, 0.0029439506232133874, -0.6383498571675627, 0.3951810036794058, -0.17730125814373515], [0.20281455396570106, -0.03396992667122249, -0.26213125350547, 0.02733940001400033, 0.14752462331672475, 0.029456051331079907, -0.10213650285911494, 0.12502680006496586, -0.2275132328138628, -0.42962171243485314, 0.1995265838183579, -0.2273670031583563, 0.3336224240684417, -0.04667726146321419], [-0.11845941195950643, 0.1300434416732652, -0.0015145647346441664, 0.09782522374412414, 0.12715211405529359, 0.16651905118850382, 0.5648673106795776, -0.2228732163563561, 0.04541076251131998, 0.1900182746768246, 0.14954416736975049, -0.08723009551849437, -0.4061345892913864, -0.018859481094978245], [-0.1949112047499329, 0.12448119182830378, -0.19476374273505484, -0.004803196235501563, -0.31881794734628766, -0.26036858612848945, 0.08142020129708262, -0.19935344122123555, -0.16131701997481288, -0.4234362253322867, 0.1895482843411526, -0.0807258027221087, 0.1608348822626454, 0.020022476328505623], [-0.028961068446820313, 0.13516038990775228, -0.20727796065301657, -0.026651273054633124, -0.2752903563278236, 0.4498805287986801, 0.13821355604572264, 0.12532514280979096, 0.1250642738321263, -0.46342617446467105, -0.1267265334630316, 0.13249151841626453, -0.1312289246364206, -0.2594654570646222], [0.029688615891089565, 0.11784861274051815, -0.2545385991651038, -0.27917545449298453, -0.2993992571401833, -0.02825081825565528, -0.11443760097881779, 0.039824099601968595, 0.5499706930958833, -0.32489946377129986, 0.24939249786149115, 0.477023310841824, 0.0021739744933994293, -0.018466422599287224], [0.009696930584075836, -0.16658668599941384, -0.15232085795743383, 0.3758470422446735, -0.21651962169380734, -0.021678535734732537, 0.45324447563543757, 0.07652515345761361, -0.4758872602133463, -0.3033718549707015, -0.014588649914420194, 0.3612995454171272, -0.1685133842932008, -0.047822280892258644], [0.11046232993542458, -0.05660451200072037, 0.0694117073530604, 0.3246798470791635, -0.26859461240302834, -0.19886171373288383, 0.08217503126924587, 0.2042758422023614, 0.07978501221700302, -0.0601432955433531, 0.03280519282230977, 0.5378216429334125, -0.152965472123535, 0.02148013580037891], [-0.1250889236158067, -0.07951529458143893, 0.4959988434628918, 0.493851187385358, -0.24433535640121704, -0.3861363824192533, -0.2880021454632413, -0.28136371319428144, 0.21533797751483533, 0.06765643639365009, 0.25284744972025286, 0.030642287049048488, -0.3063194226974945, -0.09814133834854148], [0.20308954814654465, -0.12200269388216012, 0.11781978116656229, -0.5158225149069507, 0.16284919785571703, -0.19630676722779009, -0.3438527859351228, 0.15520753235090615, 0.1865826260078435, -0.01750148505993, 0.18325807449587572, 0.23420610489224813, 0.18182791372763749, 0.22031965602288636], [-0.27477931476071404, 0.15967832457553824, 0.07978736748944659, 0.2920041923229386, -0.137737830334887, -0.077266786505351, -0.16623970237696703, -0.289137862312716, -0.2608743987723566, -0.38342187170354103, 0.2825100907251223, -0.4442158286459376, 0.01637674665551838, 0.6761840522854355], [0.002550501084906747, -0.0687735114504846, -0.011528530099055221, 0.09053182542851687, -0.4880536882851146, -0.3241821844873701, 0.08514451772906334, -0.12231943521543476, 0.43681354178016896, 0.05403140105082639, -0.09214074881471133, 0.30673437546404203, -0.18306295204688652, 0.02872254821094842], [-0.36419544964670636, 0.16144977973998148, -0.4525605472133056, 0.17020113313641458, 0.11458551316487577, -0.1331978644292851, -0.21204518487573704, -0.1372410827372669, -0.3336928078391557, 0.04874129262251934, -0.2057386751972289, -0.4994852923879634, -0.11780576178006652, 0.7128888254198752], [0.14807403822314963, 0.6035580021845518, 0.442725050472602, 0.11245773151109717, 0.19011438616827808, 0.1322675130346404, -0.2603525876195714, 0.4536515705688491, 0.13912072788860225, 0.5736034686040681, -0.18212182883316017, -0.18210869050870437, 0.301297810941952, 0.19800820533112484], [-0.012217675389800656, 0.09394727948354013, -0.4836181466882183, -0.042714519667105474, -0.43261247482059906, 0.896267685446848, 0.1388813090473344, -0.18579883259612573, 0.001044151241076293, 0.2468952447275323, 0.2620469978213158, -0.46240668783047206, -0.30038750631578987, -0.1813183856745879], [-0.41778992530007353, -0.040616591518586, 0.391889327410224, 0.23628525135307082, 0.22390523288625647, 0.034992844256732006, 0.07520188458925049, -0.2797326400929788, 0.03273844094671624, -0.15773251019477574, 0.1731387368719331, -0.1711480220538981, -0.10927678739311493, 0.22304196092274153], [-0.1427702463054198, -0.11742506240914433, 0.17002958776658902, 0.252295637048512, 0.09209813966282554, -0.17321129968879334, 0.28641623062222493, 0.1274266633204316, -0.3262277348316471, 0.20017448329812876, 0.009529269252763397, -0.2686820061365753, 0.08608314718020645, -0.014814211627380116], [-0.0036370270638225316, 0.16304827062868874, 0.20841442142466907, -0.1422352139700557, -0.20778694140700954, -0.3203508388849331, 0.05148168482116068, 0.0044918419323018155, -0.10116938231517252, 0.25034293892252313, 0.24446142394152384, -0.19761682493163224, 0.07035398426672008, -0.672662328588252], [0.23390552888128957, 0.07674721828842612, -0.23118800517424712, -0.12369590903900222, 0.5220603343888099, -0.07333182208289282, -0.3101799985677695, 0.18479378502545826, 0.07357436493259362, 0.5541388281642456, -0.6407419730833357, 0.1488830352995465, 0.20568426234931855, -0.10119193789128114], [0.08918742820197575, -0.0035734841356289703, -0.10337519011227637, -0.1682760732269871, -0.01858632552075263, -0.47924414128016596, -0.025681982769899508, -0.43864716516064733, 0.5202061319295711, 0.12171768753915371, 0.06409769830660832, -0.014820522937292899, -0.4436879166117323, -0.3829756747841677], [0.19877308203350136, 0.04205239952923969, 0.4911439417604173, -0.1351926819776241, -0.09419380786332598, 0.06558978923282403, 0.153678169555191, -0.102389402459188, 0.39928370959789267, 0.09682158556798438, 0.40402802405953614, 0.28647249588339324, -0.046304562037510585, -0.4138161736843281], [0.007484373729080219, -0.36764953532100525, -0.015070898301157333, -0.05789961645602555, 0.074695633609204, 0.31198354506874876, -0.32993848289561506, -0.043617359540269476, -0.04892017776291138, 0.32587397764465065, 0.10365104019848789, -0.08484923105134247, 0.2626027006991949, 0.303809244867074], [-0.18785208708104134, -0.31126969671158605, -0.39178662830575034, 0.06568100081925779, 0.3540829850335928, -0.25796861459049214, 0.06599512081741907, -0.28705191475461056, -0.08468146624569069, 0.25574319814763824, -0.24575441633864006, 0.17475940887820665, 0.02885979641838723, -0.28513063004539724], [-0.09566560349422208, -0.18522513160855283, -0.19226222130636642, -0.1513223715016716, 0.035297935697600556, -0.09665613955675609, -0.1498734598299174, -0.22044110893839247, 0.555894979870152, 0.3224480178468868, -0.08030365646366038, -0.23013105204854536, -0.09137619312338152, -0.18098704090891168], [-0.26571896011457574, -0.2265183471128468, 0.36545363613824666, -0.1763655949611593, -0.13399084289830154, 0.018656598108995608, -0.10011734106147242, 0.4646314236579393, -0.24081413116435593, -0.28488313447864994, 0.22990918702559518, 0.19839657792847856, 0.02465699587225223, 0.28956635095370187], [-0.07718806011409064, -0.21702896737983546, -0.317473593531627, 0.1676965090406488, 0.4318544139813821, 0.4025207958279678, 0.13554535519906666, -0.008496101803695885, 